subject,samples,correct,accuracy
Accounting,30,20,0.6667
Agriculture,30,17,0.5667
Architecture_and_Engineering,30,13,0.4333
Art,30,16,0.5333
Art_Theory,30,23,0.7667
Basic_Medical_Science,30,21,0.7
Biology,30,18,0.6
Chemistry,30,16,0.5333
Clinical_Medicine,30,17,0.5667
Computer_Science,30,18,0.6
Design,30,23,0.7667
Diagnostics_and_Laboratory_Medicine,30,12,0.4
Economics,30,24,0.8
Electronics,30,11,0.3667
Energy_and_Power,30,14,0.4667
Finance,30,21,0.7
Geography,30,16,0.5333
History,30,24,0.8
Literature,30,26,0.8667
Manage,30,19,0.6333
Marketing,30,26,0.8667
Materials,30,15,0.5
Math,30,18,0.6
Mechanical_Engineering,30,11,0.3667
Music,30,5,0.1667
Pharmacy,30,25,0.8333
Physics,30,25,0.8333
Psychology,30,23,0.7667
Public_Health,30,25,0.8333
Sociology,30,21,0.7
Overall (macro avg),900,563,0.6256
