subject,samples,correct,accuracy,elapsed_sec
Accounting,30,24,0.8,505.238
Agriculture,30,15,0.5,50.566
Architecture_and_Engineering,30,12,0.4,1037.168
Art,30,19,0.6333333333333333,76.051
Art_Theory,30,22,0.7333333333333333,89.833
Basic_Medical_Science,30,22,0.7333333333333333,74.308
Biology,30,16,0.5333333333333333,152.418
Chemistry,30,14,0.4666666666666667,431.036
Clinical_Medicine,30,21,0.7,143.996
Computer_Science,30,20,0.6666666666666666,370.524
Design,30,21,0.7,70.552
Diagnostics_and_Laboratory_Medicine,30,11,0.36666666666666664,113.341
Economics,30,28,0.9333333333333333,108.907
Electronics,30,12,0.4,786.113
Energy_and_Power,30,17,0.5666666666666667,905.649
Finance,30,19,0.6333333333333333,349.828
Geography,30,15,0.5,288.76
History,30,22,0.7333333333333333,90.44
Literature,30,24,0.8,45.867
Manage,30,18,0.6,263.037
Marketing,30,25,0.8333333333333334,244.017
Materials,30,12,0.4,915.382
Math,30,16,0.5333333333333333,455.12
Mechanical_Engineering,30,14,0.4666666666666667,679.493
Music,30,11,0.36666666666666664,493.717
Pharmacy,30,24,0.8,240.931
Physics,30,20,0.6666666666666666,292.938
Psychology,30,22,0.7333333333333333,144.341
Public_Health,30,26,0.8666666666666667,240.388
Sociology,30,20,0.6666666666666666,52.787
